{
    "loss": 7.380855560302734,
    "accuracy": 0.6668797731399536
}