{
    "loss": 5.7208733558654785,
    "accuracy": 0.6560102105140686
}