{
    "loss": 5.173731803894043,
    "accuracy": 0.6048593521118164
}